group_id,dhp_verses,agreement,notes,anandajoti_2024_story_no,anandajoti_2024_verses,anandajoti_2024_title_en,burlingame_1921,cst4
1.1,1,single_source,,1.1,1,The Story about the Elder Cakkhupāla,,
1.2,2,single_source,,1.2,2,The Story about Maṭṭhakuṇḍalī,,
1.3,3;4,single_source,,1.3,3;4,The Story about the Elder Thulla Tissa,,
1.4,5,single_source,,1.4,5,The Story about the Yakkhinī Kāḷi,,
1.5,6,single_source,,1.5,6,The Story about Those from Kosambī,,
1.6,7;8,single_source,,1.6,7;8,The Story about Culla Kāḷa and Mahā Kāḷa,,
1.7,9;10,single_source,,1.7,9;10,The Story about Devadatta,,
1.8,11;12,single_source,,1.8,11;12,The Story about the Chief Disciples,,
1.9,13;14,single_source,,1.9,13;14,The Story about the Elder Nanda,,
1.10,15,single_source,,1.10,15,The Story about the Pig Butcher Cunda,,
1.11,16,single_source,,1.11,16,The Story about the Lay Disciple Dhammika,,
1.12,17,single_source,,1.12,17,The Story about Devadatta,,
1.13,18,single_source,,1.13,18,The Story about Queen Sumanā,,
1.14,19;20,single_source,,1.14,19;20,The Story about Two Monastic Friends,,
2.1,21;22;23,single_source,,2.1,21;22;23,The Story about Udena,,
2.2,24,single_source,,2.2,24,The Story about Kumbhaghosaka,,
2.3,25,single_source,,2.3,25,The Story about the Elder Culla Panthaka,,
2.4,26;27,single_source,,2.4,26;27,The Story about the Fool’s Festival,,
2.5,28,single_source,,2.5,28,The Story about the Elder Mahā Kassapa,,
2.6,29,single_source,,2.6,29,"The Story about Two Bhikkhu Friends, One Heedful and One Heedless",,
2.7,30,single_source,,2.7,30,The Story about Mahāli’s Questions,,
2.8,31,single_source,,2.8,31,The Story about a Certain Bhikkhu,,
2.9,32,single_source,,2.9,32,The Story about the Elder Nigamavāsī Tissa,,
3.1,33;34,single_source,,3.1,33;34,The Story about Elder Meghiya,,
3.2,35,single_source,,3.2,35,The Story about a Certain Bhikkhu,,
3.3,36,single_source,,3.3,36,The Story about a Dissatisfied Bhikkhu,,
3.4,37,single_source,,3.4,37,The Story about Nephew Saṅgharakkhita,,
3.5,38;39,single_source,,3.5,38;39,The Story about the Elder Cittahattha,,
3.6,40,single_source,,3.6,40,The Story about 500 Bhikkhus with Insight,,
3.7,41,single_source,,3.7,41,The Story about the Elder Pūtigatta Tissa,,
3.8,42,single_source,,3.8,42,The Story about Nanda the Herdsman,,
3.9,43,single_source,,3.9,43,The Story about the Elder Soreyya,,
4.1,44;45,single_source,,4.1,44;45,The Story about 500 Bhikkhus Engaged in Talking about the Soil,,
4.2,46,single_source,,4.2,46,The Story about the Elder Who Meditated on a Mirage,,
4.3,47,single_source,,4.3,47,The Story about Viḍūḍabha,,
4.4,48,single_source,,4.4,48,The Story about the One Who Honoured Her Husband,,
4.5,49,single_source,,4.5,49,The Story about the Selfish Kosiya,,
4.6,50,single_source,,4.6,50,The Story about the Ājīvaka Pāṭhika,,
4.7,51;52,single_source,,4.7,51;52,The Story about the Lay Disciple Chattapāṇi,,
4.8,53,single_source,,4.8,53,The Story about Visākhā,,
4.9,54;55,single_source,,4.9,54;55,The Story about the Elder Ānanda’s Questions,,
4.10,56,single_source,,4.10,56,The Story about Giving Alms to the Elder Mahā Kassapa,,
4.11,57,single_source,,4.11,57,The Story about the Elder Godhika’s Parinibbāna,,
4.12,58;59,single_source,,4.12,58;59,The Story about Garahadinna,,
5.1,60,single_source,,5.1,60,The Story about a Certain Man,,
5.2,61,single_source,,5.2,61,The Story about the Elder Mahā Kassapa’s Pupil,,
5.3,62,single_source,,5.3,62,The Story about the Rich Man Ānanda,,
5.4,63,single_source,,5.4,63,The Story about the Thieves Who Broke Their Bonds,,
5.5,64,single_source,,5.5,64,The Story about the Elder Udāyī,,
5.6,65,single_source,,5.6,65,The Story about 30 Bhikkhus from Pāṭheyya,,
5.7,66,single_source,,5.7,66,The Story about the Leper Suppabuddha,,
5.8,67,single_source,,5.8,67,The Story about a Farmer,,
5.9,68,single_source,,5.9,68,The Story about Sumana the Garland-Maker,,
5.10,69,single_source,,5.10,69,The Story about the Elder Uppalavaṇṇā,,
5.11,70,single_source,,5.11,70,The Story about the Ājīvaka Jambuka,,
5.12,71,single_source,,5.12,71,The Story about the Snake Peta,,
5.13,72,single_source,,5.13,72,The Story about the Peta with Sixty Hammers,,
5.14,73;74,single_source,,5.14,73;74,The Story about the Edler Sudhamma,,
5.15,75,single_source,,5.15,75,The Story about the Elder Vanavāsī Tissa,,
6.1,76,single_source,,6.1,76,The Story about the Elder Rādha,,
6.2,77,single_source,,6.2,77,The Story about the Followers of Assaji and Punabbasu,,
6.3,78,single_source,,6.3,78,The Story about the Elder Channa,,
6.4,79,single_source,,6.4,79,The Story about the Elder Mahā Kappina,,
6.5,80,single_source,,6.5,80,The Story about the Novice Paṇḍita,,
6.6,81,single_source,,6.6,81,The Story about the Elder Lakuṇṭaka Bhaddiya,,
6.7,82,single_source,,6.7,82,The Story about the Mother of Kāṇā,,
6.8,83,single_source,,6.8,83,The Story about Five Hundred Bhikkhus,,
6.9,84,single_source,,6.9,84,The Story about the Elder Dhammika,,
6.10,85;86,single_source,,6.10,85;86,The Story about Listening to the Dhamma,,
6.11,87;88;89,single_source,,6.11,87;88;89,The Story about Five Hundred Visiting Bhikkhus,,
7.1,90,single_source,,7.1,90,The Story about Jīvaka’s Question,,
7.2,91,single_source,,7.2,91,The Story about the Elder Mahā Kassapa,,
7.3,92,single_source,,7.3,92,The Story about the Elder Belaṭṭhisīsa,,
7.4,93,single_source,,7.4,93,The Story about the Elder Anuruddha,,
7.5,94,single_source,,7.5,94,The Story about the Elder Mahā Kaccāyana,,
7.6,95,single_source,,7.6,95,The Story about the Elder Sāriputta,,
7.7,96,single_source,,7.7,96,The Story about Kosambivāsī Tissa’s Novice,,
7.8,97,single_source,,7.8,97,The Story about the Question and Answer to the Elder Sāriputta,,
7.9,98,single_source,,7.9,98,The Story about the Elder Khadiravaniya Revata,,
7.10,99,single_source,,7.10,99,The Story about a Certain Woman,,
8.1,100,single_source,,8.1,100,The Story about the Copper-Toothed Executioner,,
8.2,101,single_source,,8.2,101,The Story about the Elder Bāhiya Dārucīriya,,
8.3,102;103,single_source,,8.3,102;103,The Story about the Elder Kuṇḍalakesī,,
8.4,104;105,single_source,,8.4,104;105,The Story about the Brahmin Who Asked about Loss,,
8.5,106,single_source,,8.5,106,The Story about the Elder Sāriputta’s Brahmin Uncle,,
8.6,107,single_source,,8.6,107,The Story about the Elder Sāriputta’s Nephew,,
8.7,108,single_source,,8.7,108,The Story about the Elder Sāriputta’s Brahmin Companion,,
8.8,109,single_source,,8.8,109,The Story about the Youth Dīghāyu,,
8.9,110,single_source,,8.9,110,The Story about the Novice Saṅkicca,,
8.10,111,single_source,,8.10,111,The Story about the Elder Khāṇu Koṇḍañña,,
8.11,112,single_source,,8.11,112,The Story about the Elder Sappadāsa,,
8.12,113,single_source,,8.12,113,The Story about the Elder Paṭācārā,,
8.13,114,single_source,,8.13,114,The Story about Kisā Gotamī,,
8.14,115,single_source,,8.14,115,The Story about the Elder Bahuputtikā,,
9.1,116,single_source,,9.1,116,The Story about the Brahmin Culla Ekasāṭaka,,
9.2,117,single_source,,9.2,117,The Story about the Elder Seyyasaka,,
9.3,118,single_source,,9.3,118,The Story about the Devadhītā Lāja,,
9.4,119;120,single_source,,9.4,119;120,The Story about the Wealthy Anāthapiṇḍika,,
9.5,121,single_source,,9.5,121,The Story about a Bhikkhu Unrestrained with the Requisites,,
9.6,122,single_source,,9.6,122,The Story about the Rich Man Biḷālapādaka,,
9.7,123,single_source,,9.7,123,The Story about the Merchant Mahā Dhana,,
9.8,124,single_source,,9.8,124,The Story about Kukkuṭamitta,,
9.9,125,single_source,,9.9,125,The Story about the Hunter Koka’s Dogs,,
9.10,126,single_source,,9.10,126,"The Story about Elder Tissa, Who Frequented a Jeweller",,
9.11,127,single_source,,9.11,127,The Story about Three Groups,,
9.12,128,single_source,,9.12,128,The Story about Suppabuddha the Sākiyan,,
10.1,129,single_source,,10.1,129,The Story about the Group of Six,,
10.2,130,single_source,,10.2,130,The Story about the Group of Six,,
10.3,131;132,single_source,,10.3,131;132,The Story about a Company of Boys,,
10.4,133;134,single_source,,10.4,133;134,The Story about the Elder Kuṇḍadhāna,,
10.5,135,single_source,,10.5,135,The Story about Visākhā and Others Observing the Observance Days,,
10.6,136,single_source,,10.6,136,The Story about the Python Peta,,
10.7,137;138;139;140,single_source,,10.7,137;138;139;140,The Story about the Elder Mahā Moggallāna,,
10.8,141,single_source,,10.8,141,The Story about the Bhikkhu with Many Possessions,,
10.9,142,single_source,,10.9,142,The Story about the Minister Santati,,
10.10,143;144,single_source,,10.10,143;144,The Story about the Elder Pilotika,,
10.11,145,single_source,,10.11,145,The Story about the Novice Sukha,,
11.1,146,single_source,,11.1,146,The Story about Visākhā’s Companions,,
11.2,147,single_source,,11.2,147,The Story about Sirimā,,
11.3,148,single_source,,11.3,148,The Story about the Elder Uttarī,,
11.4,149,single_source,,11.4,149,The Story about Many Vain Bhikkhus,,
11.5,150,single_source,,11.5,150,The Story about the Elder Janapada Kaḷyāṇī Rūpanandā,,
11.6,151,single_source,,11.6,151,The Story about Queen Mallikā,,
11.7,152,single_source,,11.7,152,The Story about the Elder Lāḷudāyi,,
11.8,153;154,single_source,,11.8,153;154,The Story about the Exalted Utterances (Spoken) to Elder Ānanda,,
11.9,155;156,single_source,,11.9,155;156,"The Story about Mahā Dhana, the Rich Man’s Son",,
12.1,157,single_source,,12.1,157,The Story about Prince Bodhi,,
12.2,158,single_source,,12.2,158,The Story about the Elder Upananda the Sakyan,,
12.3,159,single_source,,12.3,159,The Story about the Elder Padhānika Tissa,,
12.4,160,single_source,,12.4,160,"The Story about the Elder, the Mother of Kumāra Kassapa",,
12.5,161,single_source,,12.5,161,The Story about the Lay Disciple Mahā Kāla,,
12.6,162,single_source,,12.6,162,The Story about Devadatta,,
12.7,163,single_source,,12.7,163,The Story about Trying for a Schism in the Saṅgha,,
12.8,164,single_source,,12.8,164,The Story about the Elder Kāla,,
12.9,165,single_source,,12.9,165,The Story about the Lay Disciple Culla Kāla,,
12.10,166,single_source,,12.10,166,The Story about the Elder Attadattha,,
13.1,167,single_source,,13.1,167,The Story about a Certain Young Bhikkhu,,
13.2,168;169,single_source,,13.2,168;169,The Story about Suddhodana,,
13.3,170,single_source,,13.3,170,The Story about 500 Bhikkhus with Insight,,
13.4,171,single_source,,13.4,171,The Story about Prince Abhaya,,
13.5,172,single_source,,13.5,172,The Story about the Elder Sammuñjani,,
13.6,173,single_source,,13.6,173,The Story about the Elder Aṅgulimāla,,
13.7,174,single_source,,13.7,174,The Story about the Weaver’s Daughter,,
13.8,175,single_source,,13.8,175,The Story about Thirty Bhikkhus,,
13.9,176,single_source,,13.9,176,The Story about the Young Brahmin Girl Ciñcā,,
13.10,177,single_source,,13.10,177,The Story about the Gifts beyond Compare,,
13.11,178,single_source,,13.11,178,The Story about Anāthapiṇḍika’s Son Kāla,,
14.1,179;180,single_source,,14.1,179;180,The Story about Māgandiya,,
14.2,181,single_source,,14.2,181,The Story about the Twin Miracle,,
14.3,182,single_source,,14.3,182,The Story about the Nāga King Erakapatta,,
14.4,183;184;185,single_source,,14.4,183;184;185,The Story about the Edler Ānanda’s Question about the Observance Day,,
14.5,186;187,single_source,,14.5,186;187,The Story about a Discontented Bhikkhu,,
14.6,188;189;190;191;192,single_source,,14.6,188;189;190;191;192,The Story about the Brahmin Aggidatta,,
14.7,193,single_source,,14.7,193,The Story about the Question Asked by Elder Ānanda,,
14.8,194,single_source,,14.8,194,The Story about a Company of Bhikkhus,,
14.9,195;196,single_source,,14.9,195;196,"The Story about the Golden Shrine of Kassapa, the One of Ten Strengths",,
15.1,197;198;199,single_source,,15.1,197;198;199,The Story about Settling a Dispute amongst Relatives,,
15.2,200,single_source,,15.2,200,The Story about Māra,,
15.3,201,single_source,,15.3,201,The Story about the Defeat of the King of Kosala,,
15.4,202,single_source,,15.4,202,The Story about a Certain Maiden of Family,,
15.5,203,single_source,,15.5,203,The Story about a Certain Lay Disciple,,
15.6,204,single_source,,15.6,204,The Story about Pasedani Kosala,,
15.7,205,single_source,,15.7,205,The Story about the Elder Tissa,,
15.8,206;207;208,single_source,,15.8,206;207;208,The Story about Sakka’s Attendance,,
16.1,209;210;211,single_source,,16.1,209;210;211,The Story about Three Monastics,,
16.2,212,single_source,,16.2,212,The Story about a Certain Head of a Family,,
16.3,213,single_source,,16.3,213,The Story about Visākhā,,
16.4,214,single_source,,16.4,214,The Story about the Licchavis,,
16.5,215,single_source,,16.5,215,The Story about the Youth Anitthigandha,,
16.6,216,single_source,,16.6,216,The Story about a Certain Brahmin,,
16.7,217,single_source,,16.7,217,The Story about Five Hundred Youths,,
16.8,218,single_source,,16.8,218,The Story about an Elder Who Was a Non-Returner,,
16.9,219;220,single_source,,16.9,219;220,The Story about Nandiya,,
17.1,221,single_source,,17.1,221,The Story about the Noble Maiden Rohinī,,
17.2,222,single_source,,17.2,222,The Story about a Certain Bhikkhu,,
17.3,223,single_source,,17.3,223,The Story about the Lay Disciple Uttarā,,
17.4,224,single_source,,17.4,224,The Story about the Elder Mahā Moggallāna’s Question,,
17.5,225,single_source,,17.5,225,The Story about the Brahmin from Sāketa,,
17.6,226,single_source,,17.6,226,The Story about Puṇṇā,,
17.7,227;228;229;230,single_source,,17.7,227;228;229;230,The Story about the Lay Disciple Atula,,
17.8,231;232;233;234,single_source,,17.8,231;232;233;234,The Story about the Group of Six,,
18.1,235;236;237;238,single_source,,18.1,235;236;237;238,The Story about a Son of a Cow-Killer,,
18.2,239,single_source,,18.2,239,The Story about a Certain Brahmin,,
18.3,240,single_source,,18.3,240,The Story about the Elder Tissa,,
18.4,241,single_source,,18.4,241,The Story about the Elder Lāḷudāyi,,
18.5,242;243,single_source,,18.5,242;243,The Story about a Certain Youth of Good Family,,
18.6,244;245,single_source,,18.6,244;245,The Story about Culla Sāri,,
18.7,246;247;248,single_source,,18.7,246;247;248,The Story about Five Hundred Lay Disciples,,
18.8,249;250,single_source,,18.8,249;250,The Story about the Young Bhikkhu Tissa,,
18.9,251,single_source,,18.9,251,The Story about Five Lay Disciples,,
18.10,252,single_source,,18.10,252,The Story about the Rich Man Meṇḍaka,,
18.11,253,single_source,,18.11,253,The Story about the Elder Ujjhānasaññī,,
18.12,254;255,single_source,,18.12,254;255,The Story about the Wanderer Subhadda,,
19.1,256;257,single_source,,19.1,256;257,The Story about the Ministers of Justice,,
19.2,258,single_source,,19.2,258,The Story about the Group of Six,,
19.3,259,single_source,,19.3,259,The Story about the Elder Ekudāna,,
19.4,260;261,single_source,,19.4,260;261,The Story about the Elder Lakuṇḍaka Bhaddiya,,
19.5,262;263,single_source,,19.5,262;263,The Story about a Company of Bhikkhus,,
19.6,264;265,single_source,,19.6,264;265,The Story about Hatthaka,,
19.7,266;267,single_source,,19.7,266;267,The Story about a Certain Brahmin,,
19.8,268;269,single_source,,19.8,268;269,The Story about the Sectarians,,
19.9,270,single_source,,19.9,270,The Story about the Fisherman Named Ariya,,
19.10,271;272,single_source,,19.10,271;272,The Story about a Company of Bhikkhus Endowed with Virtue and So On,,
20.1,273;274;275;276,single_source,,20.1,273;274;275;276,The Story about Five Hundred Bhikkhus,,
20.2,277,single_source,,20.2,277,The Story about the Characteristic of Impermanence,,
20.3,278,single_source,,20.3,278,The Story about the Characteristic of Suffering,,
20.4,279,single_source,,20.4,279,The Story about the Characteristic of Non-Self,,
20.5,280,single_source,,20.5,280,The Story about the Elder Padhānakammika Tissa,,
20.6,281,single_source,,20.6,281,The Story about the Pig Peta,,
20.7,282,single_source,,20.7,282,The Story about the Elder Poṭhila,,
20.8,283;284,single_source,,20.8,283;284,The Story about a Company of Old Elders,,
20.9,285,single_source,,20.9,285,The Story about the Elder Suvaṇṇakāra,,
20.10,286,single_source,,20.10,286,The Story about the Merchant Mahā Dhana,,
20.11,287,single_source,,20.11,287,The Story about Kisā Gotamī,,
20.12,288;289,single_source,,20.12,288;289,The Story about Paṭācārā,,
21.1,290,single_source,,21.1,290,The Story about Ascending the Ganges,,
21.2,291,single_source,,21.2,291,The Story about a Woman Who Ate Chicken Eggs,,
21.3,292;293,single_source,,21.3,292;293,The Story about the Bhikkhus of Bhaddiya,,
21.4,294;295,single_source,,21.4,294;295,The Story about the Elder Lakuṇṭaka Bhaddiya,,
21.5,296;297;298;299;300;301,single_source,,21.5,296;297;298;299;300;301,The Story about a Son of a Wagon Driver,,
21.6,302,single_source,,21.6,302,The Story about the Vajjian Bhikkhu,,
21.7,303,single_source,,21.7,303,The Story about the Householder Citta,,
21.8,304,single_source,,21.8,304,The Story about Cullā Subhaddā,,
21.9,305,single_source,,21.9,305,The Story about the Elder Ekavihārī,,
22.1,306,single_source,,22.1,306,The Story about the Wanderer Sundarī,,
22.2,307,single_source,,22.2,307,The Story about the Fruits and Powers of People’s Bad Conduct,,
22.3,308,single_source,,22.3,308,The Story about the Bhikkhus Who Lived on the Banks of the Vaggumudā,,
22.4,309;310,single_source,,22.4,309;310,The Story about Khema,,
22.5,311;312;313,single_source,,22.5,311;312;313,The Story about a Stubborn Bhikkhu,,
22.6,314,single_source,,22.6,314,The Story about the Woman Jealous by Nature,,
22.7,315,single_source,,22.7,315,The Story about a Company of Bhikkhus,,
22.8,316;317,single_source,,22.8,316;317,The Story about the Nigaṇṭhas,,
22.9,318;319,single_source,,22.9,318;319,The Story about the Sectarian Disciples,,
23.1,320;321;322,single_source,,23.1,320;321;322,The Story about Speaking and Rousing Oneself,,
23.2,323,single_source,,23.2,323,The Story about the Bhikkhu Who Had Been an Elephant-Trainer,,
23.3,324,single_source,,23.3,324,The Story about the Old Brahmin’s Sons,,
23.4,325,single_source,,23.4,325,The Story about Pasenadi Kosala,,
23.5,326,single_source,,23.5,326,The Story about the Novice Sāṇu,,
23.6,327,single_source,,23.6,327,The Story about the Elephant Baddheraka,,
23.7,328;329;330,single_source,,23.7,328;329;330,The Story about a Company of Bhikkhus,,
23.8,331;332;333,single_source,,23.8,331;332;333,The Story about Māra,,
24.1,334;335;336;337,single_source,,24.1,334;335;336;337,The Story about Kapilamaccha,,
24.2,338;339;340;341;342;343,single_source,,24.2,338;339;340;341;342;343,The Story about the Young Sow,,
24.3,344,single_source,,24.3,344,The Story about the Runaway Bhikkhu,,
24.4,345;346,single_source,,24.4,345;346,The Story about the Prison House,,
24.5,347,single_source,,24.5,347,The Story about the Elder Khemā,,
24.6,348,single_source,,24.6,348,The Story about Uggasena,,
24.7,349;350,single_source,,24.7,349;350,The Story about the Wise Archer Culla Dhanuggaha,,
24.8,351;352,single_source,,24.8,351;352,The Story about Māra,,
24.9,353,single_source,,24.9,353,The Story about the Ājīvaka Upaka,,
24.10,354,single_source,,24.10,354,The Story about Sakka’s Question,,
24.11,355,single_source,,24.11,355,The Story about the Childless Rich Man,,
24.12,356;357;358;359,single_source,,24.12,356;357;358;359,The Story about Aṅkura,,
25.1,360;361,single_source,,25.1,360;361,The Story about Five Bhikkhus,,
25.2,362,single_source,,25.2,362,The Story about the Goose-Killing Bhikkhu,,
25.3,363,single_source,,25.3,363,The Story about Kokālika,,
25.4,364,single_source,,25.4,364,The Story about the Elder Dhammārāma,,
25.5,365;366,single_source,,25.5,365;366,The Story about a Treacherous Bhikkhu,,
25.6,367,single_source,,25.6,367,The Story about the Brahmin Pañcaggadāyaka,,
25.7,368;369;370;371;372;373;374;375;376,single_source,,25.7,368;369;370;371;372;373;374;375;376,The Story about a Company of Bhikkhus,,
25.8,377,single_source,,25.8,377,The Story about the Five Hundred Bhikkhus,,
25.9,378,single_source,,25.9,378,The Story about the Elder Santakāya,,
25.10,379;380,single_source,,25.10,379;380,The Story about the Elder Naṅgalakula,,
25.11,381,single_source,,25.11,381,The Story about the Elder Vakkali,,
25.12,382,single_source,,25.12,382,The Story about the Novice Sumana,,
26.1,383,single_source,,26.1,383,The Story about the Brahmin Pasādabahula,,
26.2,384,single_source,,26.2,384,The Story about a Company of Bhikkhus,,
26.3,385,single_source,,26.3,385,The Story about Māra,,
26.4,386,single_source,,26.4,386,The Story about a Certain Brahmin,,
26.5,387,single_source,,26.5,387,The Story about the Elder Ānanda,,
26.6,388,single_source,,26.6,388,The Story about a Certain One Gone Forth,,
26.7,389;390,single_source,,26.7,389;390,The Story about the Elder Sāriputta,,
26.8,391,single_source,,26.8,391,The Story about Mahā Pajāpatī Gotamī,,
26.9,392,single_source,,26.9,392,The Story about the Elder Sāriputta,,
26.10,393,single_source,,26.10,393,The Story about the Brahmin with Matted Hair,,
26.11,394,single_source,,26.11,394,The Story about the Fraudulent Brahmin,,
26.12,395,single_source,,26.12,395,The Story about Kisā Gotamī,,
26.13,396,single_source,,26.13,396,The Story about One Brahmin,,
26.14,397,single_source,,26.14,397,The Story about Uggasena,,
26.15,398,single_source,,26.15,398,The Story about Two Brahmins,,
26.16,399,single_source,,26.16,399,The Story about the Insolent Bhāradvāja,,
26.17,400,single_source,,26.17,400,The Story about the Elder Sāriputta,,
26.18,401,single_source,,26.18,401,The Story about the Elder Uppalavaṇṇā,,
26.19,402,single_source,,26.19,402,The Story about a Certain Brahmin,,
26.20,403,single_source,,26.20,403,The Story about the Bhikkhunī Khemā,,
26.21,404,single_source,,26.21,404,The Story about the Elder Pabbhāravāsī Tissa,,
26.22,405,single_source,,26.22,405,The Story about a Certain Bhikkhu,,
26.23,406,single_source,,26.23,406,The Story about the Four Novices,,
26.24,407,single_source,,26.24,407,The Story about the Elder Mahā Panthaka,,
26.25,408,single_source,,26.25,408,The Story about the Elder Pilindavaccha,,
26.26,409,single_source,,26.26,409,The Story about a Certain Elder,,
26.27,410,single_source,,26.27,410,The Story about the Elder Sāriputta,,
26.28,411,single_source,,26.28,411,The Story about the Elder Mahā Moggallāna,,
26.29,412,single_source,,26.29,412,The Story about the Elder Revata,,
26.30,413,single_source,,26.30,413,The Story about the Elder Candābha,,
26.31,414,single_source,,26.31,414,The Story about the Elder Sīvali,,
26.32,415,single_source,,26.32,415,The Story about the Elder Sundarasamudda,,
26.33,416,single_source,,26.33,416,The Story about the Elder Jaṭila,,
26.34,416,single_source,,26.34,416,The Story about the Elder Jotika,,
26.35,417,single_source,,26.35,417,"The Story about the Elder, Formerly an Acrobat",,
26.36,418,single_source,,26.36,418,"The Story about the Elder, Formerly an Acrobat",,
26.37,419;420,single_source,,26.37,419;420,The Story about the Elder Vaṅgīsa,,
26.38,421,single_source,,26.38,421,The Story about the Elder Dhammadinnā,,
26.39,422,single_source,,26.39,422,The Story about the Elder Aṅgulimāla,,
26.40,423,single_source,,26.40,423,The Story about the Brahmin Devahita,,
